Datetime,Water Level (m)
2025-03-30 00:00:00,-5.101
2025-03-30 01:00:00,-5.101
2025-03-30 02:00:00,-5.101
2025-03-30 03:00:00,-5.101
2025-03-30 04:00:00,-5.101
2025-03-30 05:00:00,-5.101
2025-03-30 06:00:00,-5.101
2025-03-30 07:00:00,-5.101
2025-03-30 08:00:00,-5.101
2025-03-30 09:00:00,-5.101
2025-03-30 10:00:00,-5.101
2025-03-30 11:00:00,-5.101
2025-03-30 12:00:00,-5.101
2025-03-30 13:00:00,-5.101
2025-03-30 14:00:00,-5.101
2025-03-30 15:00:00,-5.101
2025-03-30 16:00:00,-5.101
2025-03-30 17:00:00,-5.101
2025-03-30 18:00:00,-5.101
2025-03-30 19:00:00,-5.101
2025-03-30 20:00:00,-5.101
2025-03-30 21:00:00,-5.101
2025-03-30 22:00:00,-5.101
2025-03-30 23:00:00,-5.101
2025-03-31 00:00:00,-5.101
2025-03-31 01:00:00,-5.101
2025-03-31 02:00:00,-5.101
2025-03-31 03:00:00,-5.101
2025-03-31 04:00:00,-5.101
2025-03-31 05:00:00,-5.101
2025-03-31 06:00:00,-5.101
2025-03-31 07:00:00,-5.101
2025-03-31 08:00:00,-5.101
2025-03-31 09:00:00,0.093556345
2025-03-31 10:00:00,0.12486115
2025-03-31 11:00:00,0.12175032
2025-03-31 12:00:00,0.12144793
2025-03-31 13:00:00,0.12441805
2025-03-31 14:00:00,0.12708783
2025-03-31 15:00:00,0.13216378
2025-03-31 16:00:00,0.1385215
2025-03-31 17:00:00,0.14321078
2025-03-31 18:00:00,0.14500505
2025-03-31 19:00:00,0.14592023
2025-03-31 20:00:00,0.14695115
2025-03-31 21:00:00,0.14640534
2025-03-31 22:00:00,0.14682674
2025-03-31 23:00:00,0.14534688
2025-04-01 00:00:00,0.14521028
2025-04-01 01:00:00,0.14913878
2025-04-01 02:00:00,0.15504725
2025-04-01 03:00:00,0.16046947
2025-04-01 04:00:00,0.1627128
2025-04-01 05:00:00,0.16530716
2025-04-01 06:00:00,0.16739397
2025-04-01 07:00:00,0.17013371
2025-04-01 08:00:00,0.17182933
2025-04-01 09:00:00,0.17352562
2025-04-01 10:00:00,0.17498252
2025-04-01 11:00:00,0.1766383
2025-04-01 12:00:00,0.17601834
2025-04-01 13:00:00,0.17942512
2025-04-01 14:00:00,0.19353868
2025-04-01 15:00:00,0.20589465
2025-04-01 16:00:00,0.21435137
2025-04-01 17:00:00,0.21962625
2025-04-01 18:00:00,0.2237447
2025-04-01 19:00:00,0.2271694
2025-04-01 20:00:00,0.23002085
2025-04-01 21:00:00,0.2320015
2025-04-01 22:00:00,0.2334404
2025-04-01 23:00:00,0.2348557
2025-04-02 00:00:00,0.23672393
2025-04-02 01:00:00,0.24010278
2025-04-02 02:00:00,0.2452168
2025-04-02 03:00:00,0.2503372
2025-04-02 04:00:00,0.25418973
2025-04-02 05:00:00,0.25773427
2025-04-02 06:00:00,0.26174524
2025-04-02 07:00:00,0.26563123
2025-04-02 08:00:00,0.26889497
2025-04-02 09:00:00,0.27144587
2025-04-02 10:00:00,0.27369153
2025-04-02 11:00:00,0.27507973
2025-04-02 12:00:00,0.2757403
2025-04-02 13:00:00,0.28468695
2025-04-02 14:00:00,0.29720512
2025-04-02 15:00:00,0.30263448
2025-04-02 16:00:00,0.30386943
2025-04-02 17:00:00,0.30299076
2025-04-02 18:00:00,0.301046
2025-04-02 19:00:00,0.29934826
2025-04-02 20:00:00,0.2977829
2025-04-02 21:00:00,0.29647163
2025-04-02 22:00:00,0.29566085
2025-04-02 23:00:00,0.29562342
2025-04-03 00:00:00,0.29646087
2025-04-03 01:00:00,0.299215
2025-04-03 02:00:00,0.30289352
2025-04-03 03:00:00,0.3068031
2025-04-03 04:00:00,0.30975893
2025-04-03 05:00:00,0.31160665
2025-04-03 06:00:00,0.31296644
2025-04-03 07:00:00,0.31388274
2025-04-03 08:00:00,0.31430438
2025-04-03 09:00:00,0.31430694
2025-04-03 10:00:00,0.31400105
2025-04-03 11:00:00,0.31349647
2025-04-03 12:00:00,0.31202632
2025-04-03 13:00:00,0.31353232
2025-04-03 14:00:00,0.3227629
2025-04-03 15:00:00,0.3290841
2025-04-03 16:00:00,0.3275166
2025-04-03 17:00:00,0.32239324
2025-04-03 18:00:00,0.3196518
2025-04-03 19:00:00,0.31886694
2025-04-03 20:00:00,0.31874415
2025-04-03 21:00:00,0.31718555
2025-04-03 22:00:00,0.31365034
2025-04-03 23:00:00,0.309971
2025-04-04 00:00:00,0.3077723
2025-04-04 01:00:00,0.3080003
2025-04-04 02:00:00,0.3105798
2025-04-04 03:00:00,0.31368637
2025-04-04 04:00:00,0.31508583
2025-04-04 05:00:00,0.3155012
2025-04-04 06:00:00,0.31619757
2025-04-04 07:00:00,0.31708276
2025-04-04 08:00:00,0.31792113
2025-04-04 09:00:00,0.31879944
2025-04-04 10:00:00,0.32161278
2025-04-04 11:00:00,0.3256644
2025-04-04 12:00:00,0.32901186
2025-04-04 13:00:00,0.33189553
2025-04-04 14:00:00,0.33038235
2025-04-04 15:00:00,0.32581303
2025-04-04 16:00:00,0.32773346
2025-04-04 17:00:00,0.33135888
2025-04-04 18:00:00,0.3297549
2025-04-04 19:00:00,0.3252307
2025-04-04 20:00:00,0.32002562
2025-04-04 21:00:00,0.31545514
2025-04-04 22:00:00,0.31086695
2025-04-04 23:00:00,0.30622852
2025-04-05 00:00:00,0.3029063
